{
  "schemaVersion": 2,
  "baseModel": "Qwen/Qwen3-Embedding-0.6B",
  "counts": {
    "train": 6554,
    "validation": 819,
    "test": 819
  },
  "steps": 1640,
  "validationMae": 0.07889157471557458,
  "testMae": 0.0787550446887811,
  "testMaeByDimension": {
    "valence": 0.051600225269794464,
    "arousal": 0.06290718913078308,
    "dominance": 0.05798964202404022,
    "connectionNeed": 0.06469791382551193,
    "openness": 0.07712685316801071,
    "confidence": 0.1582084447145462
  },
  "validationMaeByDimension": {
    "valence": 0.05454128235578537,
    "arousal": 0.06416603922843933,
    "dominance": 0.056739505380392075,
    "connectionNeed": 0.06399629265069962,
    "openness": 0.07909373939037323,
    "confidence": 0.16177639365196228
  },
  "hardware": {
    "device": "NVIDIA GeForce RTX 4070 Ti",
    "cudaVersion": "12.4",
    "weightDtype": "bfloat16",
    "peakAllocatedBytes": 5979103232
  },
  "config": {
    "base_model": "Qwen/Qwen3-Embedding-0.6B",
    "epochs": 8,
    "physical_batch_size": 2,
    "gradient_accumulation_steps": 8,
    "max_seq_length": 192,
    "encoder_learning_rate": 2e-05,
    "head_learning_rate": 0.001,
    "weight_decay": 0.0001,
    "early_stopping_patience": 2,
    "max_steps": null,
    "seed": 2952709926,
    "freeze_text_encoder": false
  }
}
