{
  "samples": 8670,
  "extraSamples": 4470,
  "nodes": 2048,
  "removedBoundaryNodes": 100,
  "addedReplacementNodes": 100,
  "l": {
    "mean": 0.5166505190311418,
    "low": 2637,
    "mid": 3079,
    "high": 2954
  },
  "p": {
    "mean": 0.3366805074971165,
    "low": 6075,
    "mid": 766,
    "high": 1829
  },
  "e": {
    "mean": 0.4280299884659746,
    "low": 4093,
    "mid": 2433,
    "high": 2144
  },
  "s": {
    "mean": 0.3612987312572088,
    "low": 5567,
    "mid": 1359,
    "high": 1744
  },
  "tau": {
    "mean": 0.3877439446366782,
    "low": 5224,
    "mid": 1246,
    "high": 2200
  },
  "v": {
    "mean": 0.5185720876585929,
    "low": 3166,
    "mid": 1608,
    "high": 3896
  },
  "m": {
    "mean": 0.4348373702422145,
    "low": 4105,
    "mid": 1878,
    "high": 2687
  },
  "f": {
    "mean": 0.31389850057670127,
    "low": 6044,
    "mid": 723,
    "high": 1903
  }
}
