{
  "samples": 8332,
  "extraSamples": 4132,
  "nodes": 2048,
  "l": {
    "mean": 0.5221483437349976,
    "low": 2484,
    "mid": 1897,
    "high": 3951
  },
  "p": {
    "mean": 0.33494239078252525,
    "low": 5921,
    "mid": 401,
    "high": 2010
  },
  "e": {
    "mean": 0.4365062409985597,
    "low": 3746,
    "mid": 1952,
    "high": 2634
  },
  "s": {
    "mean": 0.3643434949591935,
    "low": 5270,
    "mid": 1013,
    "high": 2049
  },
  "tau": {
    "mean": 0.40211233797407586,
    "low": 4785,
    "mid": 1146,
    "high": 2401
  },
  "v": {
    "mean": 0.5271483437349975,
    "low": 2818,
    "mid": 1449,
    "high": 4065
  },
  "m": {
    "mean": 0.4242966874699952,
    "low": 3932,
    "mid": 1572,
    "high": 2828
  },
  "f": {
    "mean": 0.3247575612097936,
    "low": 5667,
    "mid": 555,
    "high": 2110
  }
}
