{
  "samples": 9603,
  "extraSamples": 1270,
  "nodes": 2357,
  "l": {
    "mean": 0.5135957513277102,
    "low": 2963,
    "mid": 3454,
    "high": 3186
  },
  "p": {
    "mean": 0.3390232219098198,
    "low": 6524,
    "mid": 1181,
    "high": 1898
  },
  "e": {
    "mean": 0.41594814120587315,
    "low": 4709,
    "mid": 2618,
    "high": 2276
  },
  "s": {
    "mean": 0.3532979277309174,
    "low": 6254,
    "mid": 1398,
    "high": 1951
  },
  "tau": {
    "mean": 0.36633552014995313,
    "low": 6088,
    "mid": 1286,
    "high": 2229
  },
  "v": {
    "mean": 0.49095595126522956,
    "low": 3859,
    "mid": 1845,
    "high": 3899
  },
  "m": {
    "mean": 0.45947620535249406,
    "low": 4304,
    "mid": 1986,
    "high": 3313
  },
  "f": {
    "mean": 0.3040081224617307,
    "low": 6777,
    "mid": 871,
    "high": 1955
  }
}
