{
  "samples": 8232,
  "extraSamples": 4032,
  "nodes": 1947,
  "l": {
    "mean": 0.5216678814382896,
    "low": 2485,
    "mid": 2838,
    "high": 2909
  },
  "p": {
    "mean": 0.3335762876579203,
    "low": 5900,
    "mid": 543,
    "high": 1789
  },
  "e": {
    "mean": 0.43553692905733726,
    "low": 3797,
    "mid": 2338,
    "high": 2097
  },
  "s": {
    "mean": 0.3625680272108843,
    "low": 5274,
    "mid": 1351,
    "high": 1607
  },
  "tau": {
    "mean": 0.40111273080660836,
    "low": 4786,
    "mid": 1246,
    "high": 2200
  },
  "v": {
    "mean": 0.5311479591836734,
    "low": 2829,
    "mid": 1544,
    "high": 3859
  },
  "m": {
    "mean": 0.4232786686103012,
    "low": 3982,
    "mid": 1850,
    "high": 2400
  },
  "f": {
    "mean": 0.32264820213799805,
    "low": 5658,
    "mid": 671,
    "high": 1903
  }
}
